name;pavilion;x;y;width;height
;;;;;
Mattel;419, 519, 531, 721;931;1478;320;320
Lego;108;41;1796;259;320
Spin Master Ltd;219;358;1481;130;320
Konami;701;1310;2174;258;195
Fantasy Flight Games;813, 819, 911, 919, 1107, 1113, 1119;1689;1857;320;195
Rio Grande Games;925;1690;1478;130;130
Troll and Toad;2015, 2109;3967;1860;130;256
Cryptozoic Entertainment;1749;3210;528;130;320
Wizards of the Coast;2031;3781;1163;320;256
CoolStuffInc.com;101;169;2240;130;130
Strike Zone;211;359;1859;130;193
Paizo Publishing;302;486;2110;195;195
Asmodee Editions;511;930;1859;130;193
Crafty Games;605;1120;1859;129;383
Arc Dream Publishing;711;1310;1858;130;195
Alderac Entertainment Group;902;1627;2110;195;195
Mongoose Publishing;1003;1879;2175;130;130
WizKids Games;865;1500;210;130;130
Medieval Collectibles;857;1500;400;130;195
Cool Mini or Not;749, 849, 949;1500;653;130;195
Green Ronin;965;1689;210;130;130
Nexus Games;1065;1879;211;130;130
Closet Nerd Games;1049, 1149, 1249;2070;654;129;195
Palladium Books Inc.;1125;2070;1478;130;130
SlugFest Games;1225;2260;1477;130;130
Reaper Miniatures, Inc.;1219;2260;1603;130;195
Crystal Caste;1213, 1915;2260;1858;130;130
Bandai America Inc.;1201;2260;2175;195;195
Gamers For Humanity;1349;2450;718;130;130
Dark Sword Miniatures;1325;2450;1479;130;130
USAopoly;325;547;1481;130;130
Twilight Creations;1319;2450;1669;130;130
Dwarven Forge, LLC;1313;2450;1861;130;130
Gary Games;1455;2640;462;130;195
Crimson Chain;1449;2640;718;130;130
Gale Force Nine;1431;2640;1224;195;195
Flying Frog Productions, LLC;1421;2640;1479;130;256
Atlas Games;1401;2640;1859;130;511
Kenzer and Company;1519;2830;1669;130;130
Koplow Games Inc.;1513;2830;1859;130;130
Days of Wonder;1507;2830;2049;130;130
APE Games;1649;3020;718;130;130
Q-workshop.com;1631;3020;1288;130;130
www.closeoutcards.com;1625;3020;1478;130;130
StylinOnline.com;1611;3020;1857;130;195
Catalyst Game Labs;1603;3020;2110;320;195
TheWarStore.Com;1731;3210;1163;130;256
d20 Pro;1725;3210;1477;130;130
Wyrd Miniatures;1831;3400;1162;130;256
Ultra Pro;1819;3400;1603;130;195
Z-Man Games, Inc.;1813;3400;1858;130;130
Card Haus Games;1807;3400;2048;130;130
Gaming Etc MTG & Minis;1931;3590;1161;130;256
Off World Designs;719, 1919;3590;1668;130;130
Privateer Press;1901;3590;1985;130;383
StarCityGames.com;2025, 2244;3781;1477;130;130
Eagle Games / Gryphon Games;2009;3781;1985;130;130
Chimera Hobby;2119;3967;1479;130;320